{
  "name": "0PSI",
  "data": [
    0.9276990718124083,
    0.9022960429897411,
    0.9228138739618954,
    0.8915486077186126,
    0.9257449926722032,
    0.8837322911577918,
    0.9296531509526136,
    0.8827552515876893,
    0.9306301905227161,
    0.878847093307279,
    0.9335613092330239,
    0.8749389350268686,
    0.9335613092330239,
    0.878847093307279,
    0.9316072300928187,
    0.880801172447484,
    0.9296531509526136,
    0.8798241328773815,
    0.9228138739618954,
    0.8837322911577918
  ],
  "average": 0.9062530532486566,
  "variance": 0.0005419753525420807,
  "standardDeviation": 0.023280364098142468
}