{
  "name": "10PSI",
  "data": [
    0.15681485100146553,
    0.15681485100146553,
    0.155837811431363,
    0.155837811431363,
    0.155837811431363,
    0.15681485100146553,
    0.15681485100146553,
    0.15681485100146553,
    0.16170004885197842,
    0.16170004885197842,
    0.15876893014167082,
    0.1685393258426966,
    0.1685393258426966,
    0.1685393258426966,
    0.16560820713238877,
    0.16756228627259406,
    0.16756228627259406,
    0.16560820713238877,
    0.16560820713238877,
    0.16560820713238877,
    0.16463116756228624,
    0.16072300928187588,
    0.1636541279921837,
    0.1636541279921837,
    0.16267708842208117,
    0.16463116756228624,
    0.16658524670249153,
    0.16658524670249153,
    0.16756228627259406,
    0.1685393258426966
  ],
  "average": 0.1628724963361016,
  "variance": 2.0517671871100747e-05,
  "standardDeviation": 0.00452964368036833
}