{
  "name": "15PSI",
  "data": [
    0.18221787982413296,
    0.1812408402540302,
    0.1812408402540302,
    0.1812408402540302,
    0.1783097215437226,
    0.1783097215437226,
    0.17928676111382513,
    0.1812408402540302,
    0.1812408402540302,
    0.1812408402540302,
    0.1831949193942355,
    0.18417195896433802,
    0.18026380068392767,
    0.1831949193942355,
    0.18514899853444056,
    0.1812408402540302,
    0.1861260381045433,
    0.18514899853444056,
    0.18710307767464585,
    0.18808011724474838,
    0.18808011724474838,
    0.18808011724474838,
    0.21934538348803123,
    0.20175867122618474,
    0.21152906692721052,
    0.2134831460674158,
    0.20957498778700545,
    0.19394235466536403,
    0.19785051294577438,
    0.19491939423546656
  ],
  "average": 0.1889268848721707,
  "variance": 0.0001251000977649462,
  "standardDeviation": 0.011184815499816982
}