{
  "name": "20PSI",
  "data": [
    0.19882755251587692,
    0.19491939423546656,
    0.19491939423546656,
    0.1958964338055691,
    0.19296531509526127,
    0.19394235466536403,
    0.19491939423546656,
    0.19491939423546656,
    0.19491939423546656,
    0.19491939423546656,
    0.19491939423546656,
    0.19491939423546656,
    0.19394235466536403,
    0.19491939423546656,
    0.19491939423546656,
    0.19394235466536403,
    0.19491939423546656,
    0.19394235466536403,
    0.19491939423546656,
    0.19394235466536403,
    0.19394235466536403,
    0.19491939423546656,
    0.19491939423546656,
    0.19491939423546656,
    0.19491939423546656,
    0.19491939423546656,
    0.1958964338055691,
    0.19394235466536403,
    0.19394235466536403,
    0.19394235466536403
  ],
  "average": 0.19475655430711605,
  "variance": 9.599096899992645e-07,
  "standardDeviation": 0.000979749809900091
}