{
  "name": "25PSI",
  "data": [
    0.24670249145090373,
    0.23693209574987795,
    0.23400097703957012,
    0.23204689789936483,
    0.22911577918905723,
    0.2330239374694676,
    0.2310698583292623,
    0.22520762090864688,
    0.23204689789936483,
    0.22813873961895448,
    0.22520762090864688,
    0.22813873961895448,
    0.22716170004885194,
    0.2261846604787494,
    0.2261846604787494,
    0.2261846604787494,
    0.22813873961895448,
    0.22716170004885194,
    0.22716170004885194,
    0.22520762090864688,
    0.2232535417684416,
    0.22227650219833905,
    0.2261846604787494,
    0.22716170004885194,
    0.2261846604787494,
    0.22911577918905723,
    0.22911577918905723,
    0.22911577918905723,
    0.22911577918905723,
    0.22911577918905723
  ],
  "average": 0.2288552353036965,
  "variance": 2.0551613429200153e-05,
  "standardDeviation": 0.004533388735725203
}