{
  "name": "30PSI",
  "data": [
    0.24670249145090373,
    0.2437713727405959,
    0.2437713727405959,
    0.24474841231069866,
    0.24474841231069866,
    0.2437713727405959,
    0.2437713727405959,
    0.2437713727405959,
    0.23888617489008301,
    0.24279433317049337,
    0.2437713727405959,
    0.24181729360039084,
    0.2437713727405959,
    0.2437713727405959,
    0.24279433317049337,
    0.2437713727405959,
    0.2437713727405959,
    0.2437713727405959,
    0.2437713727405959,
    0.2437713727405959,
    0.24279433317049337,
    0.2437713727405959,
    0.23986321446018555,
    0.2437713727405959,
    0.24279433317049337,
    0.2408402540302883,
    0.24279433317049337,
    0.24474841231069866,
    0.24279433317049337,
    0.24279433317049337
  ],
  "average": 0.24328285295554472,
  "variance": 2.084223802042645e-06,
  "standardDeviation": 0.0014436841074288533
}