{
  "name": "35PSI",
  "data": [
    0.2789447972642891,
    0.27503663898387876,
    0.2808988764044944,
    0.2760136785539815,
    0.2711284807034684,
    0.2779677576941866,
    0.2760136785539815,
    0.27699071812408405,
    0.27503663898387876,
    0.27699071812408405,
    0.2760136785539815,
    0.2760136785539815,
    0.2740595994137762,
    0.2760136785539815,
    0.2779677576941866,
    0.2740595994137762,
    0.27503663898387876,
    0.2730825598436737,
    0.27699071812408405,
    0.27699071812408405,
    0.27210552027357116,
    0.27503663898387876,
    0.27503663898387876,
    0.27015144113336587,
    0.2760136785539815,
    0.2760136785539815,
    0.27015144113336587,
    0.2779677576941866,
    0.27503663898387876,
    0.2906692721055202
  ],
  "average": 0.27598111056831137,
  "variance": 1.3077045931493017e-05,
  "standardDeviation": 0.003616219840039183
}