{
  "name": "40PSI",
  "data": [
    0.3053248656570591,
    0.30434782608695654,
    0.303370786516854,
    0.30434782608695654,
    0.303370786516854,
    0.30434782608695654,
    0.293600390815828,
    0.303370786516854,
    0.2984855886663409,
    0.3004396678065462,
    0.303370786516854,
    0.3004396678065462,
    0.2984855886663409,
    0.2955544699560333,
    0.29262335124572547,
    0.29164631167562294,
    0.28969223253541765,
    0.2887151929653151,
    0.2877381533952126,
    0.28969223253541765,
    0.2887151929653151,
    0.2887151929653151,
    0.2877381533952126,
    0.2857840742550073,
    0.2857840742550073,
    0.2867611138251098,
    0.2867611138251098,
    0.28480703468490476,
    0.2877381533952126,
    0.2877381533952126
  ],
  "average": 0.2943168865005699,
  "variance": 5.109901571868042e-05,
  "standardDeviation": 0.007148357553919671
}