{
  "name": "45PSI",
  "data": [
    0.3238886174890083,
    0.31998045920859797,
    0.33952125061064975,
    0.3238886174890083,
    0.31998045920859797,
    0.31998045920859797,
    0.32975085490962375,
    0.33463605276013686,
    0.3277967757694187,
    0.32193453834880303,
    0.3111871030776747,
    0.3111871030776747,
    0.3082559843673669,
    0.30727894479726436,
    0.3082559843673669,
    0.3082559843673669,
    0.31021006350757196,
    0.30923302393746943,
    0.3131411822178798,
    0.3131411822178798,
    0.3131411822178798,
    0.3131411822178798,
    0.3287738153395212,
    0.31216414264777725,
    0.31216414264777725,
    0.3209574987787005,
    0.3180263800683927,
    0.3238886174890083,
    0.32975085490962375,
    0.31998045920859797
  ],
  "average": 0.3184497638821038,
  "variance": 7.195716384446579e-05,
  "standardDeviation": 0.008482756854022505
}