{
  "name": "50PSI",
  "data": [
    0.32975085490962375,
    0.33463605276013686,
    0.33268197361993157,
    0.3336590131900341,
    0.3336590131900341,
    0.33268197361993157,
    0.3356130923302394,
    0.33463605276013686,
    0.3365901319003419,
    0.3365901319003419,
    0.3356130923302394,
    0.3356130923302394,
    0.33463605276013686,
    0.3356130923302394,
    0.3365901319003419,
    0.3336590131900341,
    0.33756717147044446,
    0.33463605276013686,
    0.33170493404982904,
    0.33463605276013686,
    0.3365901319003419,
    0.33463605276013686,
    0.3365901319003419,
    0.3365901319003419,
    0.3434294088910601,
    0.33756717147044446,
    0.3385442110405472,
    0.33756717147044446,
    0.33756717147044446,
    0.33756717147044446
  ],
  "average": 0.33558052434456936,
  "variance": 5.949318730614365e-06,
  "standardDeviation": 0.002439122532923339
}