{
  "name": "55PSI",
  "data": [
    0.34636052760136793,
    0.348314606741573,
    0.348314606741573,
    0.348314606741573,
    0.34929164631167553,
    0.358085002442599,
    0.3551538837322912,
    0.35417684416218864,
    0.3561309233023937,
    0.35710796287249624,
    0.3551538837322912,
    0.3551538837322912,
    0.358085002442599,
    0.35906204201270153,
    0.3551538837322912,
    0.3551538837322912,
    0.3502686858817783,
    0.3531998045920859,
    0.35222276502198335,
    0.35417684416218864,
    0.3512457254518808,
    0.3502686858817783,
    0.3512457254518808,
    0.3512457254518808,
    0.3531998045920859,
    0.3551538837322912,
    0.35417684416218864,
    0.35222276502198335,
    0.35417684416218864,
    0.35417684416218864
  ],
  "average": 0.35319980459208583,
  "variance": 9.927905744081079e-06,
  "standardDeviation": 0.003150857937781562
}