{
  "name": "60PSI",
  "data": [
    0.3678553981436248,
    0.3678553981436248,
    0.3678553981436248,
    0.3678553981436248,
    0.3688324377137273,
    0.3678553981436248,
    0.3688324377137273,
    0.3688324377137273,
    0.3688324377137273,
    0.3688324377137273,
    0.3688324377137273,
    0.3659013190034197,
    0.3688324377137273,
    0.36980947728383007,
    0.3688324377137273,
    0.36980947728383007,
    0.3688324377137273,
    0.3688324377137273,
    0.36687835857352225,
    0.3688324377137273,
    0.3688324377137273,
    0.3678553981436248,
    0.36980947728383007,
    0.3678553981436248,
    0.3678553981436248,
    0.3688324377137273,
    0.3688324377137273,
    0.3688324377137273,
    0.36980947728383007,
    0.3707865168539326
  ],
  "average": 0.36860446181403683,
  "variance": 8.70813099988308e-07,
  "standardDeviation": 0.0009331736708610611
}