{
  "name": "65PSI",
  "data": [
    0.38935026868588185,
    0.3903273082559844,
    0.39228138739618945,
    0.38935026868588185,
    0.3903273082559844,
    0.3883732291157791,
    0.3903273082559844,
    0.38935026868588185,
    0.3903273082559844,
    0.3913043478260869,
    0.3903273082559844,
    0.3913043478260869,
    0.3903273082559844,
    0.3913043478260869,
    0.3903273082559844,
    0.3903273082559844,
    0.3903273082559844,
    0.3903273082559844,
    0.3903273082559844,
    0.3903273082559844,
    0.3903273082559844,
    0.38935026868588185,
    0.3913043478260869,
    0.3961895456765998,
    0.39423546653639474,
    0.3932584269662922,
    0.39228138739618945,
    0.3952125061064973,
    0.3961895456765998,
    0.39716658524670256
  ],
  "average": 0.3914020517830973,
  "variance": 4.922586598106763e-06,
  "standardDeviation": 0.0022186902889107267
}