{
  "name": "70PSI",
  "data": [
    0.41670737664875435,
    0.4255007327796776,
    0.4255007327796776,
    0.4255007327796776,
    0.4235466536394723,
    0.4264777723497801,
    0.4264777723497801,
    0.42745481191988266,
    0.4235466536394723,
    0.42940889106008795,
    0.42745481191988266,
    0.4264777723497801,
    0.4235466536394723,
    0.4303859306301905,
    0.4264777723497801,
    0.4284318514899854,
    0.42745481191988266,
    0.4264777723497801,
    0.4264777723497801,
    0.42452369320957506,
    0.4264777723497801,
    0.4264777723497801,
    0.42452369320957506,
    0.4636052760136786,
    0.4284318514899854,
    0.42940889106008795,
    0.42940889106008795,
    0.4333170493404983,
    0.4323400097703958,
    0.43722520762090866
  ],
  "average": 0.428301579547305,
  "variance": 5.5286555449196734e-05,
  "standardDeviation": 0.007435492952669429
}